{"cities":{"BR|rio de janeiro":[-22.90642,-43.18223],"BR|s\u00e3o paulo":[-23.5475,-46.63611],"BR|vit\u00f3ria":[-20.31944,-40.33778],"BR|goi\u00e2nia":[-16.67861,-49.25389],"BR|s\u00e3o carlos":[-22.0175,-47.89083],"BR|bragan\u00e7a paulista":[-22.9527,-46.54418],"BR|curitiba":[-25.42778,-49.27306],"BR|joinville":[-26.30444,-48.84556],"BR|franca":[-20.53861,-47.40083],"BR|campinas":[-22.90556,-47.06083],"JP|iruma-shi":[35.818,139.368],"JP|nagoya":[35.18147,136.90641],"JP|miyazaki":[31.91667,131.41667],"JP|kokubunji":[35.70222,139.47556],"JP|tokyo":[35.6895,139.69171],"JP|hirakata":[34.81352,135.64914],"JP|osaka":[34.69379,135.50107],"JP|nagaokakyo":[37.45,138.85],"JP|kyoto":[35.02107,135.75385],"DE|viersen":[51.25435,6.39441],"DE|isny":[47.6926,10.03857],"DE|stuttgart":[48.78232,9.17702],"DE|erkenbrechtsweiler":[48.55656,9.43211],"DE|mindelheim":[48.04578,10.49222],"DE|d\u00fcsseldorf":[51.22172,6.77616],"DE|g\u00fctersloh":[51.90693,8.37853],"DE|bonn":[50.73438,7.09549],"DE|m\u00fcnchen":[50.82114,11.93226],"DE|hamburg":[53.55073,9.99302],"DE|m\u00fcnster":[51.96236,7.62571],"DE|siegburg":[50.80019,7.20769],"DE|bocholt":[51.83879,6.61531],"DE|munich":[48.13743,11.57549],"DE|freiburg im breisgau":[47.9959,7.85222],"DE|\u00fcberlingen":[47.76977,9.17136],"DE|wei\u00dfenhorn":[48.30501,10.16047],"DE|bielefeld":[52.03333,8.53333],"DE|bad homburg":[50.22683,8.61816],"DE|grabenst\u00e4tt":[47.84531,12.5433],"DE|legau":[47.85628,10.12981],"DE|f\u00fcrth":[49.65083,8.78472],"DE|berlin":[52.52437,13.41053],"DE|baden-baden":[48.7606,8.23975],"DE|schorndorf":[49.16041,12.59316],"DE|essen":[52.72258,7.9371],"UA|kyiv":[50.45466,30.5238],"UA|lviv":[49.83826,24.02324],"UA|kharkiv":[49.98081,36.25272],"UA|ivano-frankivsk":[48.92312,24.71248],"LB|beirut":[33.89332,35.50157],"LB|baabda":[33.83389,35.54417],"AE|abu dhabi":[24.45118,54.39696],"AE|dubai":[25.07725,55.30927],"EG|cairo":[30.06263,31.24967],"IR|tehran":[35.69439,51.42151],"IL|tel aviv":[32.08088,34.78057],"IL|nazareth":[32.70056,35.29722],"TR|istanbul":[41.01384,28.94966],"QA|doha":[25.28545,51.53096],"SA|riyadh":[24.68773,46.72185],"BE|vilvoorde":[50.92814,4.42938],"BE|tessenderlo":[51.06513,5.08856],"BE|asse":[50.91011,4.19836],"BG|kazanlak":[42.61667,25.4],"BG|burgas":[42.50606,27.46781],"BG|sofia":[42.69751,23.32415],"CZ|brno":[49.19522,16.60796],"FR|rochefort du gard":[45.94304,-0.96774],"FR|lyon area":[45.74846,4.84671],"GR|athens":[37.98376,23.72784],"IT|modena":[44.64783,10.92539],"IT|crotone":[39.08077,17.12764],"IT|rome":[41.89193,12.51133],"IT|sestri levante":[44.27317,9.39683],"IT|trento":[46.06787,11.12108],"IT|savona":[44.30905,8.47715],"IT|naples":[40.85216,14.26811],"IT|fossano":[44.55077,7.71922],"IT|turin":[45.07049,7.68682],"IT|bassano del grappa":[45.76656,11.72739],"IT|pescina":[42.02351,13.65116],"IT|arezzo":[43.46276,11.88068],"LV|riga":[56.946,24.10589],"LT|vilnius":[54.68916,25.2798],"MY|kuala lumpur":[3.1412,101.68653],"MY|petaling jaya":[3.10726,101.60671],"NL|groningen":[53.21917,6.56667],"PT|porto":[41.14961,-8.61099],"PT|lisbon":[38.71667,-9.13333],"KR|daejeon":[36.34913,127.38493],"KR|daegu":[35.87028,128.59111],"KR|seoul":[37.566,126.9784],"ES|barcelona":[41.38879,2.15899],"ES|puerto de la cruz":[28.41686,-16.55085],"ES|santiago de compostela":[42.88052,-8.54569],"ES|madrid":[40.4165,-3.70256],"ES|lugo":[43.00992,-7.55602],"CH|montreux":[46.43301,6.91143],"CH|mendrisio":[45.87019,8.9816],"CH|frick":[47.51169,8.02471],"CH|lausanne":[46.516,6.63282],"CH|z\u00fcrich":[47.36667,8.55],"TW|changhua":[24.0692,120.5512],"VN|hanoi":[21.0245,105.84117],"AD|andorra":[42.50779,1.52109],"AR|c\u00f3rdoba":[-31.40648,-64.18853],"AR|rosario":[-32.94682,-60.63932],"AU|melbourne":[-37.814,144.96332],"CA|hamilton":[43.25011,-79.84963],"CA|saint-hyacinthe":[45.63076,-72.95699],"CA|bedford":[45.11678,-72.98244],"CL|santiago de chile":[-33.45694,-70.64827],"CL|santiago":[-33.45694,-70.64827],"CO|bogot\u00e1":[4.60971,-74.08175],"HR|zagreb":[45.81444,15.97798],"FI|helsinki":[60.16952,24.93545],"GB|london":[51.50853,-0.12574],"HU|budapest":[47.49835,19.04045],"MX|cuernavaca":[18.9261,-99.23075],"MX|mexico city":[19.42847,-99.12766],"PH|santa rosa":[15.4238,120.9378],"RO|oradea":[47.0458,21.91833],"RO|foc\u0219ani":[45.7,27.18333],"RU|moscow":[55.75222,37.61556],"SG|singapore":[1.28967,103.85007],"SI|celje":[46.23092,15.26044],"TH|phuket":[7.89059,98.3981],"GE|tbilisi":[41.69411,44.83368]},"countries":{"AD":[42.57952,1.65362],"AE":[25.16744,55.40708],"AF":[33.54149,69.73446],"AG":[17.12096,-61.84329],"AI":[18.17191,-63.14941],"AL":[39.72833,20.05444],"AM":[39.63892,45.51111],"AO":[-9.66078,20.39155],"AR":[-34.09584,-59.02423],"AS":[-14.27032,-170.66528],"AT":[48.25,16.33333],"AU":[-31.88809,116.7678],"AW":[12.55837,-70.03816],"AX":[60.16667,20.01667],"AZ":[39.55298,44.97993],"BA":[44.38605,19.10247],"BB":[13.18676,-59.57663],"BD":[26.03097,88.46989],"BE":[51.21979,4.32664],"BF":[12.24922,-0.61527],"BG":[43.18717,27.70352],"BH":[26.15472,50.62056],"BI":[-4.2743,29.7749],"BJ":[6.61738,2.35776],"BL":[17.89618,-62.84978],"BM":[32.38167,-64.67806],"BN":[4.80278,114.64917],"BO":[-18.28691,-59.81742],"BQ":[17.643,-63.22649],"BR":[-4.28805,-45.24611],"BS":[26.68711,-78.97702],"BT":[27.48615,89.89915],"BW":[-25.26667,23.28333],"BY":[53.4605,23.8823],"BZ":[18.09098,-88.64607],"CA":[51.64982,-121.28594],"CC":[-12.15681,96.82251],"CD":[0.76755,24.43973],"CF":[5.03144,25.13614],"CG":[-2.85028,13.82611],"CH":[47.43825,7.53027],"CI":[7.19246,-7.64056],"CK":[-21.2075,-159.77546],"CL":[-37.0982,-72.56084],"CM":[5.53333,12.31667],"CN":[29.0,85.25],"CO":[5.02208,-74.00481],"CR":[10.18455,-84.39163],"CU":[21.99712,-79.36678],"CV":[14.87139,-24.69556],"CW":[12.12246,-68.88641],"CX":[-10.42172,105.67912],"CY":[35.0125,34.05833],"CZ":[50.43172,15.81402],"DE":[50.35103,12.42241],"DJ":[11.78778,42.88222],"DK":[57.3537,9.94176],"DM":[15.58093,-61.33149],"DO":[18.6071,-70.92753],"DZ":[36.76639,3.47717],"EC":[-2.18781,-78.35907],"EE":[58.64806,25.03611],"EG":[30.7142,31.24425],"EH":[27.09611,-13.41583],"ER":[15.11,36.6575],"ES":[37.34218,-2.03985],"ET":[6.88658,46.21508],"FI":[65.09712,25.40485],"FJ":[-18.13683,178.42531],"FK":[-51.69382,-57.85701],"FM":[7.44648,151.84135],"FO":[62.11967,-6.75005],"FR":[45.81376,1.7726],"GA":[-2.93323,10.98178],"GB":[51.64276,-3.2362],"GD":[12.19021,-61.70677],"GE":[41.75339,42.83203],"GF":[5.37676,-52.95679],"GG":[49.43333,-2.65],"GH":[9.44272,-0.00991],"GI":[36.14474,-5.35257],"GL":[72.78358,-56.14933],"GM":[13.3625,-16.68611],"GN":[12.5311,-13.1224],"GP":[16.05866,-61.76667],"GQ":[3.6992,8.9084],"GR":[35.29502,24.82944],"GS":[-54.28111,-36.5092],"GT":[14.61264,-91.5098],"GU":[13.46256,144.69331],"GW":[11.78333,-15.4],"GY":[6.80927,-58.19798],"HK":[22.37137,114.11329],"HN":[15.82562,-87.92968],"HR":[43.53333,16.46667],"HT":[19.0505,-72.46585],"HU":[48.40906,22.17614],"ID":[0.27293,99.55762],"IE":[55.13333,-7.45],"IL":[32.70545,35.61761],"IM":[54.11667,-4.58333],"IN":[34.9274,76.79336],"IQ":[36.90547,43.14478],"IR":[32.05908,48.86752],"IS":[66.15198,-18.90815],"IT":[39.31053,16.29269],"JE":[49.24556,-2.13861],"JM":[17.8748,-76.56245],"JO":[32.5667,35.77811],"JP":[33.73333,135.98333],"KE":[0.09438,34.53602],"KG":[39.9026,71.10826],"KH":[11.56245,104.91601],"KI":[1.33309,173.01162],"KM":[-12.3375,43.7975],"KN":[17.30037,-62.77584],"KP":[38.85611,125.42444],"KR":[36.10945,129.34517],"KW":[29.26917,47.97806],"KY":[19.38197,-81.39281],"KZ":[49.33333,49.4],"LA":[17.96667,102.6],"LB":[34.39739,35.89493],"LC":[13.71667,-60.95],"LI":[47.14151,9.52154],"LK":[7.0281,79.9014],"LR":[6.06846,-8.13559],"LS":[-29.66918,27.15164],"LT":[54.80725,24.44073],"LU":[49.61114,6.40546],"LV":[57.54108,25.42751],"LY":[31.75601,25.0853],"MA":[26.73841,-11.67194],"MC":[43.73976,7.42732],"MD":[46.82874,29.52174],"ME":[42.83299,20.16652],"MF":[18.06819,-63.08302],"MG":[-18.1492,49.40234],"MH":[9.82511,169.31065],"MK":[41.85417,22.44444],"ML":[10.48804,-5.64943],"MM":[22.76722,95.42758],"MN":[46.05,92.01667],